TC_DANGKY_current,TC_GPA_interaction,TC_change,TC_HT_last,CPA_last,consecutive_fails,TC_HT_ratio_mean,fail_rate,num_failed_semesters,is_increasing_load,TC_DANGKY_last,overload_risk,TC_load_ratio,GPA_trend,PTXT_TE,DIEM_TRUNGTUYEN,GPA_std,NAM_TUYENSINH,DIEM_CHUAN,num_semesters,TOHOP_TE,DIEM_LECH,KY_SO
1.2361672494282472,0.5250058803096512,-0.4975149703198581,0.42158443918684413,2.271116307335029,0.11776290739055052,0.7971488674920734,0.06043360145663274,-0.03516267026339369,0.0,-0.3854408030735411,0.0,0.3478072781388079,-0.18085871000613776,-0.013314543390222465,0.15551835534217628,-0.03395194944371549,-0.24189396789445222,-0.09022695457296358,0.11335017043997345,-0.07916862465782959,0.0,0.0
2.250270324582623,-0.4357246971253406,-0.12439799266475156,-0.11691097283060502,0.22958453667869963,0.0930022290600778,0.03032189632183771,0.10629907776466954,0.01899967238321812,0.008058256447714506,0.07983110918831446,-0.007392099675412294,-1.5250020812823273,-0.0630197592268812,0.17098532560874774,0.5154058516304029,-0.11317054543278961,-0.7382736214591983,-0.06138887158140021,-0.09842488694870635,-0.18543215983577407,-0.046736923895676574,0.0
3.264113660493379,-0.09669932896081798,-0.801565440305708,0.07214260417437725,-1.001981807084883,0.04300808062622232,-0.41766144712447145,0.04563023599781615,-0.030341181237618083,-0.011248760619659058,-0.3372285492029731,-0.030701905901899695,-0.7162591816981327,-0.09439232682566794,0.567182250441332,-0.1970608968708996,-0.06874297460751794,-0.5409630617553045,-0.07837826177640317,-0.9421076276732618,0.05704756175652856,0.09157161635479796,-0.12827088840439105
2.6576670271405516,0.8935518018586293,0.1605699902660364,0.2878276584991739,1.4757429773879076,0.15043005476548746,0.7482841059185854,0.05485155963955887,-0.02935879047320735,0.0,-0.05864345333775157,-0.03631738960714177,0.08894798095478336,-0.027588540259414745,0.23112977932584466,0.3115886649234492,-0.036052169376108396,-0.6190609123615213,0.23729894436572876,-0.023978824125200502,0.07939795973633203,-0.02240600875498444,0.0
2.1671801141575164,-0.45614823108065694,0.03177290582345635,-0.0662781767739676,0.28138541832101704,0.09572122754617991,0.0960679085929491,0.07994597122847327,0.022649211185545054,-0.0044315744266094316,0.07300711793812242,-0.015009142951313429,-1.4755463327259681,-0.062370615797002066,0.21181709349588193,0.41217007252411164,-0.032957610899645,-0.801807943437806,-0.07808266210993545,-0.06083612285969845,-0.21822498640562907,0.12171331542569282,0.00697791821211835
-7.422483333316342,-1.738939888590107,-0.5130607332572201,0.12053118288711144,0.1992727737856938,0.06997517436602838,0.10655878164266824,-0.1626001060419072,-0.1212510695493716,0.0,-0.11537612526522795,0.0,0.07950032020581548,0.04811356458732756,0.0,0.04774779012412452,-0.07770687387615426,0.22139635082165504,-0.10329218537038451,-0.1523240574005931,-0.041912130867935576,0.01915415442086765,0.011070732393093863
2.227679229525476,1.311770685867702,0.10105431241133887,-0.20145005632168655,1.542913664968749,0.09045660029775726,0.4560158962896521,0.040483988884653196,0.0,0.009977862561026304,-0.050307132131719855,0.0,-1.045931604375893,-0.052066508952623054,0.018452639268144166,0.38861726495652743,-0.05711114791698051,-0.5336228319403121,-0.11991152144158909,-0.15673871092732583,-0.18048698676688224,0.034126063612559765,0.0
2.2323298912357132,0.9272951508278228,0.3097570222222375,-0.21794125294923786,1.3811302647789345,0.07574614460146811,0.5607411711986845,0.0592028390964123,-0.01311513372153441,-0.02715220896804038,-0.08206276011780787,-0.012891819485794905,-1.1136369767895085,-0.0735510350850933,0.15398376671322142,0.25477176758242376,-0.07732657301622158,-0.7607104868154896,0.03371749812852135,-0.16227450492742795,0.12932033343625368,-0.1847274539750875,0.0060517053776165675
4.433327969294886,1.5835482948910604,0.2882950277348864,0.3283716589879117,1.5920651391466523,0.127661434986193,0.9460458691378203,0.07697762596698389,-0.02610311314052555,0.0,-0.06566732816583362,-0.020995416104913425,0.08655410583927953,-0.03815692570504819,0.0,0.06763386156146001,-0.0340577248432362,-0.3948420791560031,0.025540086800415078,-0.08451728194737397,0.07643972118552093,-0.035421218723632464,0.0
-4.062769813695984,-1.0046259004481033,-0.6084546945872252,0.08398548436238928,0.4209640318057264,0.11768602814235757,0.38376170150569633,-0.1409048553861608,-0.12128318344259831,0.0,-0.17452160517331972,0.049587019164149926,0.4594683466350255,0.1755148501992922,0.0,0.0410822574254327,-0.17405879891584536,0.07542311363241955,-0.02887779545090619,-0.04230608840602298,0.0,-0.028332465425483733,0.0
5.013307810101932,1.0949630152358634,-0.10478537772817104,0.3106774126888543,1.1759707992055457,0.11079599140513942,0.7775267048556282,0.10641314657692387,0.0,0.0,-0.201925255768153,0.0,0.13262905539684428,0.0,0.0,0.09982093477366945,0.0,-0.35987226279800155,-0.23210421278403615,-0.1791515334925192,0.08176258617795658,0.023951091042580863,0.0
-0.19924388912817773,0.7134206646129102,-0.07434296615747417,0.3751179366362366,1.52258488749473,0.1330859866809451,0.7824177349397546,0.07912681710762047,-0.020131321718772528,0.0,-0.10211217993660775,0.014090120830393633,0.4253248558652485,-0.18672306788037826,0.0,0.16256899641734496,0.0,-0.35883487790260354,0.02437689061801636,-0.02386758423996825,-0.10003174472419361,-0.044051951326958515,0.037158286277188424
0.8969720357533185,0.1712762015981641,-0.5903288813394668,0.41839188350054207,-0.042815432288546666,0.13939490201402524,0.5779857875291083,0.09827293499677775,-0.012440142690282449,0.0,-0.4122181199366811,-0.013578621473947436,0.2323538626283695,0.12499881645602495,-0.015200786376015804,0.1355863199614413,-0.0939447795252331,-0.04657306813034188,-0.03976591909137042,0.10884278716119673,0.07248820300500175,0.15626864776574448,0.06803770269351883
-2.12593865459425,-0.4186405760464265,-0.03482938238391391,-0.02576709660801543,0.6134976161192807,0.13240728392494983,0.5400492603585295,0.027082818802599194,-0.010353695017782109,0.0,-0.054181273547121565,-0.007101915789639817,0.40998227563421963,-0.013954440368103801,0.14074666338072758,0.06777470546035542,-0.04944079590785082,-0.9658285199830897,0.1521576151547999,-0.05001128137772451,0.06428450030589877,-0.09282475754716586,0.017604441089216438
-6.414686831084376,-1.0488266535357054,-0.7975992139599056,-0.2816744950043441,-0.8353429495043116,0.048884156355962716,-0.5688353791120455,0.09977355823313581,0.03977864863783507,0.026347088312470405,-0.12806652828135925,0.05217376504511969,0.39507929287597304,0.024137739208492603,0.0212894950380479,0.25881178073922584,-0.15799973403074874,0.022921944240347367,0.07401544841736034,0.0,0.08434615458888067,0.21014513426361908,0.04804326988437424
1.0040536184419984,0.5025456799233747,0.1853695235474399,0.19403900003612232,1.413679450223729,0.14622607664456513,0.4680629099528574,0.02852727652843535,0.0,-0.008558157286316346,0.04316607419158339,0.0,0.10365622729273137,-0.01867346173173429,0.1508716785112738,0.23202015586378552,-0.07025291641268508,-0.5545403001604481,0.1342520890488436,-0.09930950428372236,-0.07197221696891111,-0.05421622073002481,-0.017225058089518352
1.0275679994864433,0.2369576957704462,0.20871687184960094,0.11159549383571524,0.7850942711230169,0.14795162657657168,0.08186910420949647,0.04460838736640937,-0.009096916907629154,0.005281658032498127,-0.0752118690784623,0.0,-0.0426383997895906,-0.05274277671247322,0.25890489048633375,-0.35408550536605116,-0.0538732733174233,-1.1038696977418487,-0.028914076666164877,-0.13837013624486927,0.03947283509912886,0.017654880837895348,0.0
4.177647909866284,0.6925869504605466,0.2152723819240297,0.30860129725063734,1.016231071166077,0.1330531116537466,0.8393972059024533,0.09774333931576516,-0.02212839362908555,-0.01357883750234805,-0.10303483777931738,-0.03641934187238911,-0.15554573397182783,0.020638898478969697,0.28148504695352783,0.15281415562219922,0.05080699170235131,-0.1586673972217398,0.0,-0.5871667580404546,-0.190616507692754,-0.03037612550056557,-0.08985552561401455
2.233150403198939,1.479725823680185,0.36535696256079936,-0.20535665561750538,1.52187044932184,0.11894463048423419,0.5507619060811512,0.03906402309910324,0.0,0.0,-0.018911048863269705,-0.01332495407184907,-1.014539683421918,-0.045408815137498455,0.0582816504016525,0.4694665540748791,-0.06872756545761984,-0.5584666308168323,0.11769819397259873,-0.1707698357952077,0.1378896887725884,-0.05600406120511625,0.0
1.145671532930443,-0.14723648819014454,-0.004850666413939426,0.059602549183246936,-0.43680895277148907,0.1278856881855028,-0.7559676233886016,-0.43052938748121306,-0.029409121479416656,0.0,-0.20635868233784743,-0.05879822180286817,-0.9162598330447416,-0.2411182350399189,-0.0534869779631179,-0.04597850487548863,-0.19620880541574692,-0.3792404864203674,0.2722193811021994,-0.05195160983909168,-0.17839490346039952,-0.10965694625851241,-0.0194657073718858
4.716415682391045,0.3257417436455791,0.41974330585768593,0.17764183464329622,0.26344522831021866,0.12619265829816265,0.17327409359068896,0.08612951269359037,0.0,0.0,-0.02197280864818002,-0.025960503490062972,-0.6187192740226781,-0.04221863792933873,0.5248417545179873,0.11198930089449072,0.005045915211054887,-0.3973683585911478,0.19752950952995615,-0.9710113205296841,0.1893483033145114,0.06235252995361038,-0.1269276515427169
2.6414104265583975,1.446004703972867,0.4668746112676369,0.04714158317505303,1.3156859189947714,0.11989897578790407,0.7633932130612635,0.035307729793440726,0.0,0.0,0.0865971769725371,0.0,-0.27944044665712486,-0.05084163642648643,0.15374373110844186,0.23558152707415364,-0.04544630441701225,-0.5063664012419817,0.03105768140975306,-0.06776667135408715,-0.08979004199708474,0.0,0.0
4.407462958424762,1.1194008616661595,0.1438556882461181,0.15765879191459164,0.7777915557525396,0.12219732755576881,0.29332183330554673,0.13599920540595872,-0.012581730859283598,-0.01343915916542274,-0.13635258256929791,-0.028003092227496303,-0.13726654436135824,0.06763054782048124,-0.03075112816583803,0.15122048028295132,-0.0894471963558831,-0.4469583661286215,-0.12927838170488765,0.042994947763184195,-0.20252963617580164,-0.09812744226771668,0.05715049493184576
-0.8843573308861314,0.0506717919410981,-0.35396100336980213,0.1960158508643611,0.46368127931169395,0.13632164790075724,-0.3935542901858138,-0.48874056191197957,0.012037673102090987,0.0,-0.06494681943497464,-0.01242366906818722,-0.042230332196081216,0.024532732662714427,0.2817121590788804,-0.08887732933547868,-0.030960706716145345,-0.26000158400327456,0.017150070158281,-0.5642335721094225,-0.10746789132786672,0.007130000486877806,-0.13791795219800296
2.285492560467428,-0.5995271267981543,0.2744913270033035,-0.23662299540104004,-1.1365583219608062,0.059273831826949654,-0.3679042360678302,0.08721122392941241,-0.010638834313733208,0.01477945552309922,-0.04203813281087428,-0.04810917375349364,-1.2366282648530973,-0.02250104332264611,0.668831896408329,-0.0270948362421677,-0.06964522440343451,-0.8826615122090992,0.2592242405319012,0.1934642360900297,0.14338215000781412,0.07227194323718712,0.061461145382329385
-5.998044719400597,-0.9925083935978549,-0.48609775663364996,0.17372236481559986,1.066755863488714,0.07466558300768385,0.46558250542595647,0.0465799936935319,0.0,0.01249842969585805,-0.09666823071028888,0.024710490946663614,0.3534416438810355,0.030348694382128772,0.007148800769512254,0.15408544913935363,0.023856267190796615,0.04085225401787507,-0.03641049394008581,0.06054367911195747,0.028342805677286042,0.04080894924301586,0.025498772170918116
4.388322707363947,0.29961966245276483,0.05428902093991057,0.15122649333479557,-0.9732304738189598,0.09526035973664586,-0.3015808948941478,-0.19648241483780532,-0.013027175605677312,0.015893836966203726,-0.20259070191853296,-0.01821926680217312,-0.3970754396963807,-0.514487897578872,-0.039883346522297865,0.008513443835763714,-0.025200002774323847,-0.6163181695198254,0.19074367322318417,-0.017936814829614067,0.17661144102442733,0.03494754687671662,0.03676672149876303
1.284263746987438,0.7929937937293828,0.3679711695767038,-0.03999179272881832,0.8917696879238203,0.11985123364421768,0.5785535732292167,0.023119130085178533,-0.03570250952837512,0.0,-0.0664341892276819,-0.0302204334913802,-0.6081708889723122,-0.05626692864720936,0.45028551112065923,0.3658628189920236,-0.04443662691993487,-0.665752852691603,0.31660189206872397,-0.056546476975885135,0.061630963049595304,-0.04419768627150276,0.02246667655401202
1.612767601651174,-1.0981252709369873,0.25953875747579386,-0.6242672374809962,-1.6064489010799965,-2.4014255100182944,-1.8559658033424042,-1.8899589008201587,-0.06861195526450159,0.0,-0.03377031377262229,-0.02403152774916284,-2.2511999569864365,0.06687355951215677,-0.054169848877500884,-0.07786185037327306,-0.3290900971158288,-0.17473979709476767,0.028463884178888524,-0.5179732298193388,-0.07581073938790785,-0.05277868243623837,-0.06957261727522379
2.2343301012388266,1.3545999440725798,0.38143231824038887,-0.2254314977822303,1.5480286973330977,0.08499961964049543,0.7194444447274323,0.07552644707075139,0.0,0.0,-0.03803427696528559,-0.0161315774128693,-1.0594758757635412,-0.05549320068150019,0.07180521571449315,0.42763425886613354,-0.08949908610712136,-0.6051957821116646,0.1808875613909181,-0.17949150765879693,0.15534207926387056,-0.04406232144763589,0.0
-0.1934727228845121,0.8617895664732098,0.46983207236304475,-0.6183238050675843,1.165497528811916,0.08086143803756211,0.37445826406672644,0.07461319434229166,0.0,-0.020367778601397088,0.1947681913064873,-0.012371721272213851,-1.2612298710434364,-0.020505358500505617,0.19858721784741468,0.3995840870571682,-0.10006770910056693,-0.7271397825425574,0.36655342859097334,0.0,0.04571416888863607,-0.03105378347983754,0.017126402766184823
0.26241180706063655,-1.4033677043232105,-0.3522090328189672,-0.8549942915584263,-2.0982207598120044,-2.6704499215830606,-0.902677979854249,-1.4048802832799527,0.07334355625004889,-0.02663193553560142,-0.17045179141263953,-0.031122377549771575,-2.0336935389153163,0.034604540018456004,-0.024757664462884816,-0.29272412767302447,-0.4047928091777489,-0.32820119603841075,-0.654061351920612,-0.3204932188575414,0.0,0.04349020983745078,0.0
1.3739045335716684,-0.2862397727411127,-0.355528671538319,0.1935734966385909,0.8223194575578703,0.16358743839455978,0.48271541369219545,0.13006138886277432,-0.012212737231974042,-0.011866108438008116,-0.17046711572604745,0.021481951556404116,0.4537938124004066,-0.08454603904334056,0.0,0.19786931159007742,-0.0698232924848627,-0.2504584035974348,-0.04994221733574521,-0.22060892188935366,0.044794257210613336,-0.011905059809600263,-0.013120625587193846
2.4302520372230867,0.804350860788368,0.029772562278319745,0.408495505648005,1.6116137153189023,0.11791372915528053,0.9300571178008019,0.05477211216125649,-0.023517438935086003,0.0,-0.08976202422376417,0.007864886987044321,0.1545970006268102,0.0,-0.022420241575989455,0.12244692891364937,0.04144302121091558,-0.39200239425920724,0.023115119645163218,0.0185329106030015,0.06279417894678997,0.02791758775235131,0.008450187320453217
2.5891834507383105,-0.5620167447726301,0.21304227807042525,-0.026195709038933836,-0.8267089720303342,0.11124904935984171,0.10016409153078194,0.06213235178439297,-0.016898052181588182,0.0,-0.10340459172665149,-0.039109666592354576,-0.508615726089662,-0.018283441475421634,0.4632946806380581,0.3951785447196184,-0.05626823055335396,-0.8142181665220264,0.2339951211442697,0.09928843326869119,0.0953530554083437,0.125043280771632,0.014154735992360834
0.8662532030872562,0.38866305819797914,0.7759326953038516,-0.9861069438474515,-0.805158063368158,-1.2133373117543977,-1.0970343910201001,-0.2675657820186992,0.013550292534925129,0.0430115303049166,-0.16908883318915482,-0.049281526051971516,-1.678364421748178,0.08799121251820899,0.47137188244632144,0.10554954608102657,-0.017612832244526342,-0.347771886264317,0.2739235085837319,0.1355368298226293,0.595149758542602,-0.12993719521940714,0.06557495285508042
3.056085019861824,0.0,0.018808186076968086,0.23406508162269488,-0.6031827788640609,0.09405233838746459,-0.05564697986265858,0.14093658640853277,-0.01695323747283927,-0.00867153956985163,-0.07860603424471742,-0.010472674817874167,0.07952708544090273,0.04329880456873476,-0.05923682236173563,0.06835627118245595,0.039949704369701744,-0.6009675719659695,-0.2537413162699236,0.09432430423702601,0.06805888276536766,-0.009696152257335795,-0.026596848902266323
3.0741786013547463,1.0359089043961907,0.23269448744231128,0.1878143047516189,1.5859555785424726,0.12958055514015293,1.155095695589108,0.09927869176167568,-0.022629112705352124,0.015201971241672682,-0.03253191343386252,-0.02881477091422392,-0.041669684194339376,-0.08181685580122423,0.21019750242647525,0.2621376819853658,-0.19203887782387533,-0.1946246195576621,0.08169625025535203,-0.38320106030127976,-0.1162067345943177,-0.03248597065037155,-0.05902506755475567
-6.086724034657234,-1.2894566374111414,-0.15947512162540414,0.0,0.49660825642391326,0.053403194153767104,0.5768276073924167,0.0924060051607729,0.01817147365488355,0.00685736290516635,-0.056196419834623056,0.031442262142375,0.574859648912999,-0.16173284322700107,0.021849265212770284,-0.03432175120703993,0.04510674056106298,-0.4303446434994946,0.04336765158768529,-0.24502140798212219,-0.13623078456153637,-0.010526592387709647,-0.03739216495921305
3.962834864754957,0.0755291208820314,0.5381016451812332,0.07753365607280933,0.37365736568217994,0.11770767366255569,0.10649690831627179,0.0919177538974019,-0.026169354394695622,0.009734787992277803,0.046228843891899955,-0.013341759754816543,-0.3198026228230278,0.0,-0.01888132559006116,0.2158586557494973,0.039946277108830794,-0.5434348766534466,0.35043469064686444,-0.1330684478006098,-0.1581693997786873,0.10822085338253366,0.04276080540156091
0.4172904769819893,-0.2467896867534163,-0.03399345789411764,-1.3427127835653743,-2.08868577862962,-2.5215498412172264,-0.9979876187091685,-1.4060022126934288,0.1489165185444498,0.0,-0.00901678445912986,-0.06632972201477608,-1.8370665028271909,0.14040496162497218,-0.020733512524718355,-0.08769781505266028,-0.08388845342052396,-0.2188684158037841,-0.18048183926836048,-0.42788435895795823,-0.01785423039510898,0.0232830794712319,-0.02608192971032608
-9.25187664903301,-2.117467205429263,-0.46901361257422547,0.0,0.5358731369138027,0.09102238524651378,0.11995772703018434,0.04079457046995127,0.0,0.02539317564469608,-0.09156624849126654,0.0,-0.05783453981299696,0.02369860613857126,0.029445093257652506,-0.13499282324402692,0.0,0.09330964592683742,0.04923530969332697,0.04269729816878824,0.0,0.0766106671931913,0.05507201464191702
-5.981886956165353,-1.2528121404316936,-0.4447481974573929,0.021739680809675473,0.5777313464384527,0.09574834859459898,0.6845247449895395,0.1427322278555941,0.018075728914501196,0.0,-0.07601730857926665,0.029564010495550175,0.4392290404574539,0.022123652915431186,0.006602000568781365,0.07503066949789494,-0.03127007088217715,0.1876418082151788,0.09523220911467517,0.13320318716383592,0.041894489148717524,0.06984531179767,0.02029792196550151
0.6257153881629576,-0.07319656131631176,-0.6048669354179258,-0.9099844754636282,-2.503711251375152,-2.044154148378221,-0.8643810365969745,-1.3821029848261486,0.025442965829012232,-0.01039875834187941,0.0,0.0,-1.2275706911353081,-0.06473794523682767,-0.056972570735406174,-0.03268033228087247,-0.42164862267992714,-0.24635338635721213,0.08738721943593433,-0.25917054940773876,-0.04936599812173631,0.03127797633097683,-0.06681514316923298
1.597570864167637,-0.6345173160991501,0.05565389208699295,0.036394258794920295,0.35092071909056294,0.1397825960234241,-0.3697137729043972,-0.5273059440488759,-0.036784800397887486,0.005685694376725211,-0.07658145624672225,-0.029511293555186852,-0.1858529170588226,0.10316873136676653,-0.03242232651685353,0.09774604479505729,0.026791678455112076,-0.5914108167442294,-0.12905320641710663,-0.18120488704363458,0.07568935772550803,0.011654968144513615,0.024861143353225312
-8.127517211263958,-1.495373667244987,-0.5806962691686143,-0.2428000106994294,-0.28340892105379684,0.0633145183415997,-0.36543571520974616,0.04002457573738269,0.011246452008447694,-0.016784371775530035,0.05803860282272183,-0.004840273098942969,-0.1370469929545847,-0.012572489801358878,0.01998177536300424,0.0,-0.0836396305002141,0.08894370058349975,0.0856834554875888,0.036864050709839134,0.04357592786981639,-0.041466070958301626,0.024127861022527952
-4.202587648150359,-0.8568607976142121,-0.4755733807477337,0.10783469795363036,0.416634760440277,0.11737462066855961,0.6113660001433274,0.09144952570039344,0.0,0.0,-0.05528346872666663,0.08445763647966915,0.6173703632762243,0.05411815604495748,0.0,0.09446073839487937,-0.05004786595578029,0.11339699934863985,0.0,0.0,0.0,0.01466434694438667,0.010765439500900253
1.0915644106376574,0.6916251608202401,0.14664644656793238,0.14021628363802982,1.7250516257050772,0.14715173844669746,0.47521313580311186,0.05668067108075645,0.0,0.0,-0.03665066176111291,0.013958063626443376,0.06874619864083974,0.0,0.13874365833564023,0.29297543204771836,-0.05504781438371275,-0.4745227354753464,0.1866611541089459,-0.08680773189280305,-0.06416005529037686,-0.03737555507367414,-0.022155127381457973
1.3525729348940319,-0.12446185987196381,0.18516858852477094,-0.028455448465137374,0.5170260468927544,0.16667541672771286,0.4051773143373793,0.05799526412948236,-0.01456871148350149,-0.01781720240585555,0.09953075941630156,-0.028367535480653547,-0.1593361116504081,-0.05938524889828643,0.15142472982649224,-0.19588508542285538,-0.08440422019841748,-0.9521374209908243,-0.43517480390303337,-0.209707212534468,0.006862480371793067,0.010768420627379089,-0.07070662961610985
-1.7568463489161896,-0.9480660329695226,0.03336948888930693,-0.04240581708671551,0.12940364792252754,0.1510251807783234,0.3758176532693117,0.08112756010803354,-0.017624482881635525,0.005703675526604051,-0.12260946614777152,0.023766371574876006,0.53995327987958,-0.03715021271448018,0.1515999511027111,0.05063330349962774,-0.060355387957387645,-0.9585216650776985,0.14686340600859712,-0.011738553698074673,-0.13399803095364202,0.08392519624673085,0.02225972297181089
-7.310792610254907,-1.447750836153677,-0.6173566802441519,-0.2085449987741769,-0.24229143413017015,0.08092447093143033,0.2858719553214774,0.05286185797349528,0.015048532252774404,-0.008597309867434861,-0.05844267765468382,0.0,-0.13321862807097093,0.06543385111348944,0.006504619929736486,-0.02814383970556274,-0.06300116633035795,0.056515568075253125,-0.268663249879447,-0.01578140660353179,0.046250802666988,-0.021203584088114156,0.023406465440706015
0.8834646777941998,-0.010972469903821013,0.05203639652065819,0.20920174229143254,0.09780054014825987,0.1374786325312947,0.4079694849399299,0.09219831402846967,-0.02936737153485084,0.0,-0.07786631780007214,-0.013419227444064527,0.15240749414018542,-0.35950827589311946,-0.022655487115097756,0.16822604308023623,-0.07349732975567184,-0.11551426857266398,-0.020532852436930347,0.03450768802242425,-0.16401606855698692,-0.043055401764511725,-0.013606599352678383
-1.1614519884066168,-0.24053643307912556,0.7952744940292743,-0.5757801954505547,-0.167749751561296,0.10590622797308728,-0.15277546460818336,-0.07525710189575462,-0.010649768264644385,0.03481977682676936,0.022929174433693716,0.011599107654205564,0.5281782113624602,-0.11566584525912864,0.0,-0.07210837664076836,-0.3635946669426262,0.2695175880774794,-0.2929098342680186,-0.010681186066024506,0.08852805762186947,0.05200038240571958,0.0
2.8055650361848183,0.9882959010549643,0.06422723250293248,0.3320058880826206,1.4537191838925518,0.1343810094096668,0.8497391307926118,0.06670702976883347,-0.029294464541907147,0.0,-0.13603890128945179,-0.015870721831776638,-0.1324588608013491,0.010362456756589146,-0.29608444679108303,0.1007985218687973,-0.23471497249218393,-0.09614332436589054,-0.14985329699926642,-0.30971026848480093,-0.21247179391910168,-0.40093347281463615,-0.06972269961827049
1.4054374060190744,-0.2679714837770888,-0.011016331583106533,0.11565900216982641,-1.2211768239963892,0.08913662196528613,-0.6641587366472442,0.07796586975139994,-0.02266467515718028,-0.005903663979947395,-0.3471950420908001,-0.00953409775307177,-0.9634829961412378,-0.10594167912014552,0.7147707324823765,0.1367269165644654,0.0,-0.10482289441297432,-0.05501232023399853,-0.7641979517184974,0.10695630411474942,0.023059368885502668,-0.08049902602955372
-0.7937294381503309,0.5051197882134318,-0.09984173138268473,0.42069185125355096,1.424769540822089,0.13564208092680682,0.711911872472825,0.09231488841109466,0.0,0.0,-0.1264429610618783,0.042331510681257054,0.443586412422724,0.035964225383985,-0.02085178121261895,0.1374830601168769,0.08000797348680061,-0.42519254501760295,0.29549855677300774,0.0,0.043044253923280644,0.0,0.024960020777640146
-6.690999650408525,-1.6445743201843843,-0.5561454302729771,0.1446148634439634,0.7624444350753348,0.09511194259375103,0.26041190649617674,0.029297690983924617,-0.015489902402527357,0.0061472181402804915,-0.08754272359370716,0.010924837054623956,0.17117031448914885,0.08930454000714647,0.014585124153849393,-0.05707586611278925,-0.08881153012696703,0.05991334187405863,0.1588678580877676,0.017277165223197773,0.057395253372002464,0.09365578720842048,0.04939283225899249
-3.3657593549824845,-0.6605572248515617,-0.0905385246085438,0.07019185668235242,0.4981387751199572,0.10779163296477987,0.3167766866862615,0.0270163417119436,-0.01831966659471394,0.0,-0.10451390901804239,0.03729757562116523,0.9076845708884855,-0.19522029569141952,0.006515489664572672,0.16065147343419614,-0.0500470741869417,-0.608422009679893,0.02073215603283908,0.18483760213502176,0.1823888839460317,-0.02236915328240523,0.030895799583028793
-6.069421125725524,-1.1662847367240525,0.18097615267405395,-0.4136609365316688,0.3039494771845331,0.06722738275746012,0.5120423122627817,0.18439514507137283,0.014774642703613672,0.0,0.07722280171406282,0.026056378661443693,0.1835231624631109,0.03953504200499642,-0.00980655273741506,0.007565527496314656,0.02214610991519818,0.16209418311031223,0.01298541248897981,0.1919219029915189,0.05271579076905656,0.0,0.02629815375104272
1.072107471826393,-0.05812918471757277,-0.03397486884303333,-0.20615763921963884,-0.20628481922365743,0.10468135469056104,-0.32695589547253007,0.08064034696616268,-0.02002931530327169,0.0,0.03951407898981347,-0.05314851387579506,-0.41848889219108065,-0.2806601926998337,0.1920160795592241,0.1899922269152672,-0.056316181149499385,-0.230257707115364,-0.1574700418988554,-0.3317836339282731,0.25190457227081814,-0.07494064752556574,-0.08201199241958035
0.8555695626492791,0.01662746880851356,0.19090214315159412,-0.10296414586754186,-0.21675588691855602,0.14213180528951602,-0.9346034552909854,-0.6710073911689789,-0.018596018531402827,-0.012280475851599838,-0.01673185111621062,-0.017769717875302796,-1.0517938052110742,-0.17876291146407644,0.40436290110610296,-0.06350761046777142,-0.17227516525783457,-0.0584894918676396,-0.023741221558738024,-0.9729142199239866,0.07455781978031284,-0.011491146782533986,-0.17296267594366332
1.058203717208491,0.8925914949503666,0.2865397089488546,0.04705246586840019,1.723101583293218,0.16123451831238333,0.5172492534954212,0.0585968327762908,-0.009412395753248976,0.0,0.06605522164768317,-0.02646120247489879,-0.07010697720697684,-0.032117336307592205,0.13909905839053396,0.3518622911092255,-0.031229051103833408,-0.5313274659775467,0.20271559272908993,0.015497991513375168,-0.1457612861166947,-0.039201534728889875,0.0
-0.9202848043461889,-0.406568356061336,0.08090192934596621,-0.1448148585794792,0.2251593756708164,0.1440250237017836,-0.020134924137181355,0.03383065097492252,-0.01633125485208014,0.01690424662582928,-0.10998910052009825,0.007873126471308752,0.0832218120525916,-0.036736515422603803,0.30520033591397366,-0.3336558189766004,-0.06016246634771108,-1.0160881838377844,0.10449979189322296,-0.017992579428864456,0.07926933159281296,-0.0038468103712914867,0.010381159277562446
0.8670335609970068,0.44078209964264525,0.057981492051378654,0.4196247091434296,0.21893773102672312,0.12073458928961765,-0.04176492654665394,-0.16151506444966898,-0.025100705351561642,0.007439307613917424,-0.05640192278382223,-0.04476546484841593,-0.5222143067414322,0.027633171307487547,0.4348631045476952,-0.1355624704528443,0.07753731928615681,0.03431351406805329,0.04070529206698729,-0.618915351343353,0.1331234349246467,0.0389538233534855,-0.08049701750712246
-4.5169960382557655,-1.2329598126194323,0.36752872736924375,-0.6203713219179563,-1.658625052043832,-1.4734874577592494,-1.0827595229656266,-1.0146474833965813,-0.24579721287426257,0.0315598781195563,-0.008677906918245184,0.0,0.07602696644790623,-0.188990417858842,0.0,-0.2742890056888871,-0.26179481916545844,-0.14045195795741364,-0.03442557158571966,-0.40909878063045385,-0.08334216093508354,-0.04709757922722823,-0.060914934875516025
4.2112730585008755,1.2003384159264254,0.21613273205025638,0.28773002268007075,1.5227714963430086,0.12021486621986878,1.0707811027725318,0.06581288933702534,-0.02734568412633981,0.010716980400232012,-0.01368333053042692,-0.028532649994609395,0.16530660306522066,-0.30162080953147236,-0.020662023482509253,0.20952029115935455,-0.13222718626901636,-0.307296688192684,-0.20680059100546727,-0.3451741211891684,-0.1742496783170455,-0.03991305027051714,0.0366718052428876
-4.035070139768392,-0.6642868784089795,-0.25224313894537154,0.035947139841362226,0.781354023009485,0.1036078769685087,0.6882472572454802,0.08468052689484626,0.0,0.0,-0.05636269944501219,0.1019919578567347,0.6630723585383447,0.06728827331987157,0.009618803542200665,0.04670247395973736,-0.009805484181031962,0.3464416987373149,-0.18619142087985766,-0.04642132682546681,0.04661003205098537,-0.016403401582127497,0.0
-0.7186945281364255,-0.378820580592585,0.06082786414808813,0.06174532977495994,0.5419573266268382,0.16748099878838169,0.43962602117683713,0.07332369564448098,-0.008850817249641253,0.0,-0.1191307774933934,0.01892127440057306,0.4641057464683864,-0.030173570150403426,0.15318053362086237,0.18757733173269264,-0.07823218101252731,-0.9288494450005855,0.09323213778790002,-0.006949126150838139,0.09528117466653281,0.04974544756111668,0.0
-0.9115837123839259,-0.3262152856355376,-0.09371143359422301,-0.40146279293722076,-1.5978569191150835,-1.7906154865614714,-0.9437670648232291,-0.6219909378511856,0.062180992910659046,-0.0050049403874950615,-0.05343712382365251,-0.019579195976118353,-0.5091439067377892,0.04000564638146809,-0.009366900978601909,-0.4020402449674046,-0.1131328094866255,0.29025308432390673,0.11238849718331383,-0.4084757405474097,0.0,-0.03341406527843176,-0.01401151248379584
3.60848001051264,0.7524412784309089,0.05267373098804951,0.374070774618628,1.0467977067186376,0.1332066243633578,0.2755099922283002,0.07088617170032953,-0.02096587972658689,0.0,-0.1161954297783972,-0.02278018021272481,0.26858502016156954,0.033029571740732865,-0.025106918801509504,0.12422984556873766,-0.020778444024907177,-0.3504060023810261,-0.19978442882014527,-0.1597357801819368,-0.1137434498126757,0.03398992316632319,0.021572319945428298
-1.995846700911551,-1.0195998469530072,0.2972412395661569,-0.708082138770976,-0.22733765009456713,0.08933723934471337,-1.015811790359144,-0.7065068278903549,0.014546946721651386,0.028165512882571183,-0.11505664646691283,-0.062105687247888654,-0.6967569046448601,-0.0074460397759164906,0.2674708206863004,-0.06723164426514444,0.09908472618702134,-0.5086782129289253,0.2426684685189937,-0.7603110479727297,0.06938776065928691,0.04244297588374022,-0.11916743933162177
-0.23280094425536615,0.02954990747743044,-0.11898883803474913,0.4550462765703604,1.0176861980535232,0.13554153418722376,0.46111350994022543,0.10651456239971016,0.0,0.0,-0.09841790338725381,-0.026788295097465775,0.0067144548495909505,-0.04272011454713663,0.1873569248890305,0.10713188392127836,-0.24908491331723911,-0.3792161698000843,-0.018518420249912744,-0.405812226229116,0.08488448638032493,0.0,-0.06894650593062801
-0.24795430922281983,-0.3400093154197204,0.33830947995143346,-0.5442231445592278,-0.6640264674411007,0.10676493101632974,0.03967764154098805,0.12515661805019032,-0.00793999672102968,0.029068793156183593,0.10967552820281942,-0.02992720119628066,-1.5306426214888842,-0.08325848069405514,0.4690713819951104,0.1307556593606021,-0.3009697666883534,-0.4805919688177824,0.06595342485929198,-0.7111974622577746,-0.09553248936986283,-0.008004391865284476,-0.08260059722971791
1.2722283369705634,0.18479531954908274,-0.04145353525751455,0.34833723953889156,1.1984000754395512,0.12213552521330988,0.9384255041370608,0.0633516481858185,0.0,0.0,-0.08238274478928305,0.00862479206885252,0.24618063052859865,0.0,0.35554754027380664,0.24706856714490105,0.017404587450730445,-0.23350018506630524,0.11019518884765535,-0.288770125344875,0.05429970395382062,0.009479055829150552,-0.03026171624371976
-2.848172474256993,-0.19963641385704936,-0.11530000276213503,-0.12165898043259482,0.49484958615513974,0.13537543290646073,0.031074897239622746,0.036097820189312825,-0.02803333905778352,0.0031034727317447047,-0.08461312636202108,0.04005131187170346,0.2521964684057781,-0.009354219704359875,0.17979546974195526,0.17558738507919772,-0.05535495894401449,-0.9886586046612528,-0.028234957404044927,-0.047762781183438345,-0.14005189251795136,-0.05311805168239799,0.011812130362952367
1.5907318457495572,0.01416551558525463,0.381163368394874,-1.5257358630624633,-2.0988673889941074,-1.7535325722018658,-1.1276854999294939,-0.7026844193172096,-0.047650886240802166,0.03374134460023788,-0.08644343384062977,-0.0162189767498031,-1.111258560267894,0.07769247456543549,1.1562296215579182,0.08754536012259438,0.0,0.1664889419617222,0.25313346789438596,-0.4682685157484452,-0.2748835571476426,0.06463164274293176,-0.07773797023859697
-6.051314279156831,-1.2755772625874313,-0.5426582538734784,-0.021539876278303366,0.3410209709665824,0.07003698778866475,0.07116592579700688,0.09898978799365919,-0.011172123807547897,-0.008357794760639125,-0.05166980823230271,0.0,0.5549993357800039,0.0633275508180068,0.018242640139657536,-0.3695354204994672,0.0,0.13194684348041238,0.17724061685632486,0.08450007665570254,0.05507505606446662,-0.018567337631601778,0.015743650663793574
-6.185990101320075,-1.2131084629354396,-0.40275733598715274,-0.04367042039312188,0.8209516257253253,0.07648058745683534,0.6194716723235295,0.08309406115567558,-0.018506168502053576,0.0,-0.03412012104126097,0.022092191443622827,0.29385972599465876,0.055252681224753956,0.008761475043151749,0.13343126010892345,0.04500020814079322,0.11327061238658469,0.17195784616345144,0.23051523501242208,0.0453590551462929,-0.13374307525163742,0.08880900887856935
2.01932542091473,-0.04169473180099194,0.23082219284096125,-0.2971484240936359,-1.3234884675461436,0.06018629365964793,-0.8959939602235892,0.06999381734278234,0.0,0.010014391890618306,-0.12408636945661526,-0.04757475847378656,-1.5446397501613394,-0.08572062359215192,0.3866452956252466,-0.32054923090030996,-0.12766594263355605,-0.7980138388153679,0.2770965876620368,0.11460003125157203,-0.10340729750467942,-0.029809815018833993,0.056067378296023485
2.19081745636078,1.1021998662764398,0.0,-0.21091881015587446,1.452035707502436,0.09728302459144483,0.29250988004581013,0.06560011690863761,-0.01128754258031392,0.009808681285684174,-0.08085354731813821,-0.02015823422005776,-1.2446838234231357,-0.06186555726481824,0.13480196209295126,0.30773787114289136,-0.07339001560598482,-0.6253437967266798,-0.1989707081831861,-0.18454632658832537,-0.2099869022487806,-0.12461375346665705,-0.006178477397368098
-0.59500816564595,-0.23387488355547786,0.09367642195883331,-0.0075828163276917505,0.5901415204130377,0.15190075423112193,0.40462391972201706,0.08109520324874972,-0.005459778736065756,0.0,-0.07288732744497849,0.015935682154854167,0.34745759530030795,-0.03091412532749012,0.16785717997614474,-0.15189634323178836,0.05460928760056262,-0.673536549572124,-0.009595562321488752,-0.2193977171856066,0.0892889606240478,0.1089724153466462,-0.04741413914033672
4.711390416527174,0.6243758775074282,0.1857585856637581,0.09132218804343911,0.004540945011891246,0.09708782009600303,-0.7382424130950757,0.07734071251343509,-0.018902812342467323,-0.011560256204386256,-0.06805591899344005,-0.02146990746362593,-0.7386294935537399,0.02127352286675349,0.40221044424074676,0.016466168262935066,0.11083416836833736,-0.3222647749380876,-0.04701472949574912,-0.6343736207285496,0.10893670248928394,0.009511705330535018,-0.12712303691087756
2.0535031990275443,0.17823636640782511,0.5409503585158596,-0.01935291645772248,-0.5930219558223313,0.09054253631816615,-1.1380939871963152,-0.7547350339037456,0.09953163743569622,-0.0234053703412053,-0.09644236530307435,-0.03365272185465547,-2.089021838775174,0.17691669835043344,0.5476896276408206,0.03492420970715958,-0.20931992420264883,-0.02266272112352421,-0.25724000463559293,-0.8475118803485793,0.09026402091521481,-0.35084350603116626,-0.12328568523712446
0.051338404156049754,0.3791740322794276,0.3634441085213176,-1.250295154619315,-0.9992270023862201,-1.4009293037921866,-1.3192876859445704,-0.7350854301543874,-0.030775495032922196,-0.03557481849807564,-0.5195478664141168,-0.018684515782941672,-2.0548387927563145,-0.0712874060432738,0.7581211199796419,-0.16407419798814132,-0.2672606297150387,-0.5241962620871533,0.19471294327401875,-0.07474424418871002,-0.06122109413801047,-0.04231407484663069,-0.011342289692886531
2.9502693379932046,1.085854714151971,0.06660820198366069,0.3924590086249444,1.7684624330579608,0.10273980156613846,1.126703800429785,0.07380268910273875,0.0,0.0,-0.11774490299391908,0.0,0.13386733490082992,0.04143864153844194,0.0,0.22396502354104525,-0.04999730603342809,-0.2858663641642048,0.09385983781905151,0.10274116055079521,-0.027543797426012043,0.08819481392243818,0.08488807153946176
-6.168468530861263,-1.4491946006557206,-0.4135327329447748,-0.10326759615029873,0.5403229809130422,0.09014997053505447,-0.10488923986935687,-0.29008384676088717,-0.16016548518147805,-0.004162273924040603,-0.07940203232887251,-0.011776657131036964,0.35572027161518077,0.032532608940163875,0.017765669163502338,-0.21514730477577207,-0.13044952835920248,0.0947180199904654,0.0777988057962996,0.05177920568824483,0.030258612109299882,0.04028640264248625,-0.014979264061464548
-9.297525979941746,-1.9994230922133722,-0.6173856888245428,0.05108175033286399,-0.3138840513367665,0.05576524945443384,0.29655565981188436,0.06090291369269477,-0.014770262042953529,0.0,-0.15979544691051795,0.0,-0.15411665427661222,0.04251314312978645,0.01438086281254592,-0.01914118543689697,-0.09559063289730879,0.21415669696527528,-0.1123154495384641,-0.06695859171658239,-0.05162569262918478,-0.02693378295485733,0.015176403066996969
-0.8397408183221261,-0.13424509333335202,0.08756482608499482,0.21261766967477733,0.6430425192227938,0.1748985193029457,0.4811590818409308,0.04664165416165565,-0.008383201898279938,0.012363838467769898,-0.12370799897164035,0.012529319201715005,0.4517537996953095,-0.03908107802937693,0.2155497956801451,0.32450538251713495,-0.07260461433073451,-0.8255316815391109,-0.0396618038853226,0.014854999986635647,0.09795549055315066,-0.029614463091811816,0.0
7.722432626547682,1.010560650265689,0.16049497278909466,0.2800215520981544,-0.18457838162066637,0.13532862594296413,-0.2125252592728604,0.1475147647073321,-0.026121109917154835,0.021620965613690347,-0.23940965297935612,-0.03173498599717274,0.018859060591561817,0.030283638568110435,-0.02575396778793565,0.28984438413776736,0.26422679617458783,-0.48090461003493423,0.1881912363790914,-0.2363647732278585,-0.05348305801931224,0.0,0.023798436157164815
7.662203516744666,1.282589493111302,0.14518278838517357,0.3108067243894179,2.0686408593791437,0.15766126377474973,0.3826209505732561,0.07730138600738581,-0.04914077655476044,0.0,-0.13696762166295326,0.009961561635072976,0.14936353195595728,0.056603163038974766,0.0,0.08768354176629838,0.23496364747733534,-0.3760086471546772,0.07990414129470078,-0.17209660748465558,-0.10162212174080275,0.05895423809546194,0.03166539920275824
2.2012828729396157,-0.18671914419726335,0.35234487948424753,-0.06290851420541717,-1.4353345912647208,0.0875723082092764,-0.837842046250467,0.11577274244194428,0.0,0.0,-0.07605068112147835,-0.06378450194844792,-1.5191718912398315,-0.016415159224979842,0.5237529357468967,0.4798947407767719,-0.07903979735652832,-0.757145374270387,0.3260977710020327,0.33324223390462154,0.13229552552776894,0.07839618276590628,0.12136274233309635
-5.679411586842028,-1.0360241619761057,-0.3405533364893827,-0.05710769401638709,0.7838597825978741,0.08308244441651697,0.5327477338402723,0.07343060480454924,0.0,-0.015465736268462683,0.030907252791437766,0.0498068351962021,0.537704670527355,0.10051712118861891,0.01595239254600043,0.034994529624014024,-0.08947247775850713,0.17568197729933135,-0.10438603811977648,0.10453055082160226,-0.08333679599798022,-0.01021974807291759,0.0
-10.388620474396928,-2.1292049426675392,-0.46115512889844423,-0.032298433271147974,0.6425000194853947,0.07949482243425565,0.3217584873732161,0.043118351270538625,-0.016773976829190768,0.0,0.023720240106770353,0.0,-0.19408661250706766,0.0,0.0,0.06815625740303174,0.0,0.2317710230066154,-0.1448761243013665,-0.14913042183140485,0.013822330322988147,0.019239115454509206,0.03205436397728256
-0.16556560373346427,-0.14410006662349636,-0.04964091031364709,0.20699872323738416,0.37811497760591983,0.14443681290359778,0.3096090952343641,0.07896418857439848,-0.020560195870929814,-0.004472237710778903,-0.15816951353521347,0.021555825194430975,0.23862096931564897,-0.14065328141608172,0.18903000169256345,0.24247756460070963,-0.33461512399038285,-0.30236525567297107,0.11594055559544375,-0.2900789647513752,-0.07563573007586219,0.0,-0.06366184907625375
-6.1796680419170045,-1.2489722548993072,-0.4100383592692353,-0.11294606434992986,0.6780619522083334,0.08582328312701004,0.6252983635818787,0.06349905656989199,0.0054972929600409295,0.0,-0.022630957582102783,0.029887914520148447,0.18016643197521373,0.03951780436163399,0.0,0.1954254105601313,0.022878040736516083,0.12799828048875395,0.08223522935440156,0.19578547559632717,0.0433576757527144,-0.13861832745977617,0.06463078976094216
-9.851312922842043,-2.118983204161524,-0.6045408819101801,-0.0696563380488021,-0.1509898671384405,0.06736654696382972,0.2934064237235564,0.04474317116044304,-0.014902369594725256,0.0,-0.12976855724240946,0.0,-0.10281086338312427,-0.028801136177952623,-0.17457829584505788,0.07905948547139077,-0.026130688957820378,-0.8077715929312987,0.04290877278716712,-0.08097694944164638,-0.13514324468815658,0.03900852482050077,0.0
-10.487658796635179,-2.4164711806769907,-0.5052492815114293,0.0,0.0,0.10580776615585617,0.22860057744684323,0.054626203095358414,0.0,0.0,-0.03984250970971357,0.0,-0.33081767042273597,0.0,0.0,0.0,-0.0515831378762313,0.0,-0.16910719473435099,-0.08902410425015539,0.0,0.0,0.0
-6.084933877479194,-1.332556148776536,-0.4200952282186955,0.17357756243450606,0.921015011931864,0.06242976477027794,0.5848812592614782,0.07363826080653872,-0.00898186738311245,0.0,-0.05534071235602007,0.05857402602217436,0.25381246551214054,0.06529997227795954,0.0,0.04470919806690576,-0.02652319801559835,0.11057949834947431,-0.038060551884145095,0.09984123878254385,0.0,0.0,0.01783342274306232
-0.2567522802468949,0.2627173303465154,0.012045578666849075,0.2227010017826344,0.5174610946369506,0.10817055452631438,0.43864274447597307,0.06232235647501017,-0.027319249713486135,0.006410195614386933,-0.06302231448336512,-0.033342845009746984,0.08020080592295,-0.009283426261623711,0.19019444196552493,0.01652930396459368,0.03640049463072172,-0.4169040675944354,0.15299520032581773,-0.4465774119726069,-0.05971436126579422,0.023910854679401825,-0.07528900673188121
3.0591564062614824,0.9880544628174582,0.06524969303791199,0.30087657483985497,1.631664260521253,0.1561744149316466,1.0827145360097226,0.07553041234543482,0.0,0.0,-0.16063098752804944,-0.02872350294778193,0.08425663600541547,-0.31036292420553585,0.0,0.329247159419786,-0.038188303221502774,-0.3677644235723805,0.0,0.015926909132502557,0.029037330552282345,0.0,0.040334645265949653
-5.912412594193243,-1.2197996594892833,-0.4653425674073151,-0.18512393607178995,0.5363605710732892,0.09491897850600156,0.023992323736836192,0.08441284727399852,0.012412216008598037,0.0035653679341562917,-0.05115635089632703,0.0,0.47883521918363064,0.06369118962732646,-0.006688811316031542,0.2705556238236733,-0.018204728437179015,0.030157864148682947,0.004856959006260078,-0.02920220608624815,0.0353167720761454,0.05552338098723645,-0.013614328218964467
3.1491379363902805,-0.3172365189942533,-0.05462062671551271,0.41612055596937464,0.05886973971801594,0.15242214479835803,0.43881079461108186,0.1258954624186565,-0.025470720322171785,0.0,-0.16568392204914342,-0.031021048592201898,0.16383204709774832,-0.017920251231082325,0.39996612947095433,0.17955640799141004,0.016692971735265415,-0.11712670164318224,0.05682420050871595,-0.6788578183529644,0.05818568849706069,0.057530312891228584,-0.12271169986422104
1.2245678395531054,0.6871742155409565,0.382820718620885,-0.030506577387180288,1.4422719490780131,0.1355745018390283,0.4955972561156452,0.07471688557202182,0.009438890532206477,0.0,0.02911636467229828,-0.02327519921453901,-0.3549833190829088,-0.05591263996147103,0.14526336001592943,0.15022307837668797,-0.044134201855129236,-0.6022870208804978,0.17785406094179426,-0.02608776558644591,0.060969840137478006,-0.05077238050823663,-0.010965610198915954
-5.280938527903812,-0.9343369723913135,-0.42998072595605763,0.11855008428397568,0.8313813439354668,0.09668389915706888,0.46581201205307576,0.11225439886414795,0.01818712914842241,0.0,-0.0692790977122833,0.0726016521671588,0.7112052441146625,0.02273097633835009,0.019579982957887477,0.0032834030339055895,-0.05003993490919885,0.165146969680956,0.020847134596027557,0.10153439414580454,-0.14421031692178085,0.13617579480622766,0.0
-0.839239952535222,0.1733925141987131,0.08300386378881487,0.1779884754917293,0.6784392142624381,0.15961834946862385,0.5815571121123152,0.04819349153050304,0.0,-0.023922870507266113,-0.06889580123605224,0.0,0.38675480242240934,-0.023814677623612272,0.15794139405258015,0.15942596019594765,-0.07140860623753982,-0.8945175368876819,0.16696123446466163,-0.03268736446160752,-0.06937925907745894,-0.04622857238233413,0.0
1.438929425581798,1.1486871767166964,0.06845739380666795,0.41030626372084067,1.7513817879192715,0.1443799862964135,1.073977295040756,0.08581575359321512,-0.009648532524604793,0.0,-0.07844925051988805,0.006829781807620276,0.14271317202927397,-0.0976505117841363,0.24174869744295965,0.2364599713362258,-0.08561204519090172,-0.19365135013220022,0.1120254803661255,-0.3005080866331094,-0.11029032001198026,-0.05236808953120301,-0.0337932759583337
-4.228881523427398,-1.1358030068241767,-0.4122111075792991,0.11830361814001901,0.8075670340836402,0.1106398440502093,-0.7279281224254014,-0.4333617017036407,0.1889880877926098,-0.018381300215894437,-0.005376215045770859,0.020806456880991694,0.03691037822724974,0.09686540211595132,0.009543510045432907,-0.21358264226895993,-0.0415225124511163,0.44896211605298225,-0.14695682785083194,-0.24226429103494934,-0.054636357192882526,0.026457934549520584,-0.03963707947744588
4.0094528272555925,0.30938272224482466,0.22823035992508217,0.278664486860008,0.1864455303443416,0.13827439050396453,0.7994007244072023,0.08230840085031471,-0.010674358126388561,-0.011526977626691599,-0.026411921022210235,-0.02405517836075138,0.12898775569206372,-0.03671953868476962,-0.040336945269578046,0.06236299221110202,0.0466663863128144,-0.49304150737764374,-0.01203870097438638,-0.215263277436362,0.03857143282372265,-0.024565101883872842,0.0
-1.6329010641630772,-0.9179451758143483,-0.047388983287112274,-0.6565696424117389,-1.1851026318275792,-1.9445985524314764,-0.8909874328601826,-0.7262987975625546,-0.15478749609176842,0.0,-0.18133900742785128,-0.04980295400418873,-1.669156389931528,-0.025937190851704605,-0.0817667204533426,-0.18800898238619634,-0.1720578016617304,-1.0874814645765793,-0.14702564680314284,0.07487625912598331,0.06753792209480308,-0.010263188896244009,0.07457386307231495
-7.6882442103634725,-1.5745031656438342,-0.8645738874504375,-0.1798763743659911,-0.7864518208556236,0.05401895264164715,-0.07041517701130459,0.042476176145843626,0.00981385946714856,-0.0066290020481846205,-0.04395302877085459,-0.005666432779375587,-0.10356354425941657,0.0422164830495552,0.008295833501591675,-0.054489727593673286,-0.07119986471874865,0.22290041726510473,-0.18387500069908017,-0.1513553588451508,0.018793183633766433,-0.11615280506082969,-0.010552137824211272
2.360201342333784,0.8972756841898383,0.06438173736184528,0.5225434575525807,1.5369210074652022,0.13485551247423025,1.2028022022164297,0.09912251395538568,-0.015618589507759318,-0.011184692747228024,-0.10012293741340078,0.014504433885785751,0.12918154488736097,-0.05079634217836229,-0.03525328639763976,0.10203387348685647,-0.08860205374150668,-0.22212802118656194,-0.05258834899493355,-0.28433531000953266,-0.08371750338231455,0.0,-0.03315293557093835
2.5418801796587944,0.3889532812430141,0.2485617176995751,0.01632507801222503,0.3570174273662464,0.1267982036686811,0.7722544493677073,0.07514655977205355,-0.023549416894228205,0.009619366620269786,-0.11488174329602746,-0.024376406583635893,-0.02268816674563655,-0.13581343150660463,0.45056609938250564,0.21996478476888195,-0.1570360183589541,-0.24595239542358519,0.09307874340176012,-0.4639129797625648,0.05444268213534793,0.0,-0.08008235524123464
-1.2317794921869618,-0.1535900631304424,-0.18668923015483824,-0.7843332067213604,-0.04298917400539201,-1.6084878325089933,-0.8672117742906384,-0.9560482590314138,0.074053198062578,0.0,0.0,0.0,-0.8483509632928389,-0.35396464243205106,-0.03377154117701406,-0.04833148160625878,-0.4201239794159159,0.1407131980447162,-0.10453075096711245,-0.2284018896753341,0.04102968685520181,0.013532159225787765,0.0
-0.1879135955459182,1.3108478898496518,0.39734846110454497,-0.4826316615754757,1.094362915282286,0.09699173218086536,0.4697324779299133,0.11022719321805324,0.009103006828317547,0.0202497971889396,0.2427030943067524,-0.037611845475274075,-1.2574392518351996,0.0,0.07320377426238454,0.7674309517476339,-0.1180622574073781,-0.6111037537777281,0.394459399507973,0.021140756144938825,-0.07016286442353474,-0.04795694610207827,0.025465828623945974
-5.388038646086518,-1.1293884855790335,-0.5415177910055653,-0.1860738633473294,0.0624831747914494,0.08041692862727881,-0.15438438743222946,0.11172191393291338,0.006148632837903426,0.0,-0.021269018680223645,-0.009106841778199332,0.6366980780794448,0.06164392205898527,0.036272665011120905,-0.44727304250059896,-0.08609787380479758,0.26687921789055835,-0.10904144332471302,-0.12493527544289999,0.0,0.06394449853937452,-0.056756152049692865
3.4158431960092623,0.059653485674840405,-0.20837971224753643,0.3701894440228947,0.3488401559258717,0.15472707250636936,-0.6649558284162568,-0.47657604726809155,-0.03599800316286192,0.0,-0.19704630292826647,-0.017598876105741564,-0.5010291787410521,0.03113142102558605,-0.045385416520607305,-0.03292175184472251,0.051054610450046126,-0.36271876129890906,-0.2043307143344689,-0.430894163366205,0.04108043422610347,-0.02656922189235142,-0.009803112116813395
-0.6384411361737826,-0.4380324868297753,0.03435414724973028,0.07872771266529695,0.5772713639724426,0.16479272921892957,0.40171621384252393,0.09443441862266684,-0.007949372935925542,0.0033719357891637165,-0.13060266299395382,0.036051404671785005,0.4388740570451162,0.04583585044621918,0.006970679165653579,0.12859872063347577,0.010026445146459798,-0.6658527003821365,-0.0276014030389517,0.0,0.0546759612172405,0.12601559332236711,0.048127894135416016
-6.1086485983731045,-1.2837443425436403,-0.06708322169076211,-0.16299904067529178,0.6168417795996984,0.10148350392870234,0.5248308406768348,0.0823852270941053,0.005931328691865367,0.0,0.023991795542229178,0.006078712387783637,0.33341793516876933,0.04472584354697388,0.02872578094720299,-0.08082503020481543,-0.04856733310867633,0.13287962073599763,0.11152974092682406,0.16396751193918904,0.07569729754598092,0.07415436701242936,0.03468284742389205
2.1810892158813977,0.6458452550094671,0.7002435513051039,-0.25916170285587403,0.863347396835482,0.06903512881313681,-0.25407094186503926,0.057046742977030634,0.0,0.0,0.10172139945544814,-0.018314413388345423,-0.8101120556515113,-0.040908910821140086,0.39526665702589026,0.3006321914276941,-0.09603617677751398,-0.6705268169450148,0.07462390134305989,-0.019157353864087585,-0.33896906295449747,-0.09559420259968832,0.0
0.934176147862012,0.16850507080272556,0.4816425342346506,-0.23609936820246236,0.47832358578239476,0.09676501276989448,-0.3460755882066771,0.03342634250267516,-0.010917010224239111,0.0,0.13016545667138368,-0.051264193827617106,-1.010354737260455,-0.013923507411842244,0.5248958124707889,0.42677403697271454,-0.047023416996774856,-0.7025156168655288,0.388533791705088,0.21026330826209166,-0.17251041236809464,0.0,0.022678953824752934
2.573694004707337,0.148519222808634,0.1571874197528334,0.32308867091571825,0.6738022260610149,0.18238412341598878,0.5889394283870718,0.0717719116994488,-0.024516100370054004,-0.009859098366918975,-0.05710504200526511,-0.011707894459081169,0.08542860145151733,-0.04122442696291891,0.3248246795149849,0.12191226096749648,-0.05135140663323526,-0.7589158035965596,0.24830688320857214,-0.008729514892766665,0.07498504275480668,-0.013161390471192478,0.015988333565126744
7.4754754847600635,0.636387197450274,0.11789635911648062,0.535766438830959,0.781320609754309,0.16130434716501416,0.17264173918316608,0.12756116792319167,-0.024055263201783222,0.0,-0.09704962717087581,-0.02945379649972402,0.08446092742248314,-0.3436335046677389,-0.03540797971907776,0.18046741511531197,0.17285226219950658,-0.4219290402872333,0.009270884735970313,-0.36546947560705173,0.203234975731736,0.0,-0.049196388853712136
1.2887642479510562,-0.08971976728634745,0.08409104046941493,0.22050899315273678,0.7157084261608536,0.21038553426332615,0.3642019457487123,0.1086161504906592,-0.016929423641101463,0.0054123785130817436,-0.09622649360257204,0.030761279703461916,0.20863678690995643,-0.032690385811889607,0.21279771525066296,0.17283198128649357,0.017196015040258424,-0.2730287385528013,-0.028801697501583512,-0.3764029884052798,0.07012592174693673,0.036190066787130375,-0.0632863335389664
-0.17067447080166395,0.8875746619103243,0.4321690613871839,-0.607830600489485,1.0986448220173397,0.08565069723774618,0.40874886834586766,0.07629539832553794,0.005146724518138319,0.0,0.18507140597199698,-0.025552682826126393,-1.3574697644782578,-0.0201828327878808,0.12536867253658943,0.22095616482548885,-0.09522793203029664,-0.7215307404086166,0.41819206924088764,-0.01661579910092105,-0.07868115192809678,-0.11600858681162583,0.023951171395597548
1.5670142082299119,-0.040414189885551684,0.702119325733444,-0.666827041656802,-0.951818134758212,0.07010306798982648,-0.5336420449720319,0.13116369480635046,0.010386682478633207,-0.02026764168119113,-0.07485164942651917,0.026482571073875513,-1.5365155479169896,0.020241371853821986,0.7454600314048566,0.3906072792798947,-0.07401318166055056,-0.75617905565631,0.027932642595868043,0.12405619688639749,0.06305659032679296,-0.05804216278530093,0.03393871819136818
-2.3704661724740133,-0.6385533435756596,0.3740901886657898,-0.9691904072433357,-0.34215472941725306,0.08366407206198775,-0.8465107447332508,-0.6179733945047702,0.16250199610676336,0.020461088252599617,-0.12348118354938176,-0.02186140887873959,-1.2162115913795728,-0.4760038750491786,-0.02231249815829089,0.10351770687525101,-0.08565526438402192,-0.4987337720666911,-0.10932414760442262,-0.38380625782618805,-0.022906788465093423,-0.02077069621732055,-0.03189950997288271
2.691723537887782,-0.09132129752087541,0.3456352044623991,-0.2994921751618473,-0.023443924450576203,0.08724872455428188,-0.34629504189358273,0.08828185646778655,-0.009408079510220832,0.0,-0.07308843331120327,-0.022434731356267622,-1.4500934163137078,-0.08260102454872556,0.32363480847494847,-0.3775272513184161,-0.15382965635346513,-1.1656665161575075,-0.462582529268801,-0.15208455947271488,-0.14227335878157085,0.07965519617784762,0.017524069476878346
1.1648848718496008,-0.2005601212340846,0.0,-0.13233165049213083,-0.6210308542615828,0.13000070725456403,-0.08526681530191105,0.139887791353792,-0.016636149969015464,0.005508077476248197,-0.1940368814454764,-0.032512410268060406,0.04694681750113437,-0.014125762019871453,0.0621682738129803,0.08786167392640709,0.058254169813628014,-0.19859913086621686,-0.09458041784784818,-0.45872147166873156,0.058228210084901096,0.06673877659062263,-0.05772077760933905
-2.3571473896871877,-0.8960117564455229,-0.015199655501420054,-0.24547042987680062,-0.9881365503505933,0.1525133447854195,-0.049006550550085355,0.08947963338426289,0.0,0.008032761476970724,-0.1353392111300417,0.014877796293405295,0.12185795485002582,0.01068631213198985,0.07575384185432696,0.05317817874724688,-0.03629296030238733,-1.0390903870988608,0.19021700513453438,0.057829717598977814,0.06821916197894362,-0.08642956573157573,0.02451268470049861
4.392332075474793,1.3478222990566189,0.2961216272021649,0.3221767852421609,1.8358968289997595,0.11642841248020089,0.7770705697423415,0.046123290847204845,0.0,0.0,-0.09377089935984285,0.0,0.08374963038630527,0.07527723818245953,0.0,0.21138192046348753,0.0,-0.2842940928381333,0.0,0.1253237723378955,-0.1260797562124754,0.0,0.015357626591169904
1.06954117630479,0.2693448320159089,0.06098647996353782,0.5206752945912131,1.5339921319770533,0.1695936685130467,0.3765791195189938,0.04850023577003848,0.0,0.0,-0.10053342672441157,0.02209924259301261,0.29632092543102984,0.0335656694027401,-0.018860703375865685,0.21079918440800163,-0.04077461911529849,-0.3357916384301524,0.21494873340026371,0.02358257166824031,-0.0844718267534448,-0.018208710225828803,0.03717275597379377
-0.5501625163185676,-0.18818773543426565,0.06442078953623942,0.09339188929703535,0.3583182250624398,0.1421506922468699,0.677359060408228,0.06583929753125098,-0.0052407600463374605,0.0,-0.12596529018833774,0.03348516426245823,0.6219288252457179,-0.1464093867218553,0.0062837294863433485,0.07375769680263343,-0.024520480096179555,-0.6928604058953995,0.05533712875649629,-0.0369082247045836,0.022961291473890817,-0.09083784308059323,0.03546583246188789
1.31077917389973,0.6992519769560555,0.08480657822385292,0.23820097012614463,1.3132125654168143,0.0949392399086714,0.9191064148048433,0.04529349553937972,-0.012424476272161152,0.0,-0.05383433511525287,0.0,0.1287940945182455,-0.12434899698444621,0.3388066024658212,0.20658304876748687,-0.0406297869175086,-0.2492052004766419,0.05812484526347195,-0.34176846146927614,0.055015345520003166,0.0,-0.036497725417985016
0.0,-0.2747216895846209,-0.033626959196720624,-0.7437550919462774,-1.9186722376598928,-2.0147365061106144,-0.15033880182090364,0.16549330631197268,0.011320547868628046,0.0,-0.14272529771429718,0.0,0.10130497708652476,-0.24851538397274706,-0.024047075224465368,0.0,-0.04571656090760115,-0.018823639504788166,0.12153779204358536,-0.2578178407968697,-0.12049387063164334,-0.037603082596946676,-0.08053404336212644
-2.652771727915568,-0.35036764595973513,0.31101020094560533,-0.2843028981714582,-0.29319008057207796,0.11165316115911338,0.43234913960952787,0.09399422548184,0.008136338831490323,-0.03996993757748087,0.04259714780855558,0.05914212928786629,0.448932099148137,0.014434067380043368,0.01610277209629846,-0.3246215146241841,-0.0599477789560715,0.30780743366287916,0.10469112546849058,-0.04457630886840554,-0.1070329710996106,0.0708806438898587,-0.006663212839155719
-4.112316002187018,-0.21153199676062823,-0.3664636712934194,0.06397363467298418,0.8824389457987596,0.11212527590547376,0.5742975846909257,0.0602915594714099,-0.010013772950388262,0.008098721253605922,-0.0627342584765113,0.08446182855182603,0.48092735970672545,0.020478825670723063,0.0056370120111118305,0.011182565890062326,-0.04919541073449987,0.24932240146513393,-0.13490106860917617,-0.09858124001960923,0.03314768220745042,0.00803290172212459,0.021424317918618208
-0.7525703703188317,0.7375467599459827,0.18718984671144098,0.13850021777823354,0.9469743882251477,0.1359200294194992,0.6458226302198885,0.08295105235653037,-0.027356852675933775,0.010165431316301448,0.04500175875157364,0.014992069833720829,0.46262676152504845,-0.23424566061124863,0.0,0.08256813238077987,-0.1686260927963639,-0.5660923020455975,0.050011601557722135,-0.15104175645884516,-0.10310693796805527,0.027165744809342116,-0.006055875069206795
7.813904286637298,1.183572388542829,0.26965149488206147,0.24410802402581927,-0.14129721196540412,0.08468421395226206,0.14105861636163292,0.14917080035917263,0.0,0.02815813513661157,-0.171581251196441,0.0,-0.31452355414221644,0.03952451539760722,-0.03474792260963338,-0.07667127381353457,0.1479103893174414,-0.6770644286510511,-0.2003560986723742,0.04596584365243201,0.1899514082818472,0.0,0.07597211288979011
1.4537370709917259,0.6529688117203302,0.0890927321300224,0.22054596948399222,1.4269289151227598,0.10967848135039013,0.9066310298084049,0.061916485761096034,0.0,0.0,-0.08068431073380179,0.0,0.13121227874770885,-0.0713346933253665,0.2809658874683122,0.32664034673048326,0.05858180374167208,-0.20592895595917465,0.05622830384560866,-0.31580108961243303,0.0,-0.015981256469214212,-0.018981519804059488
-6.040795763019395,-1.304594471337827,-0.4129819760301416,0.14807539792833832,0.8672378184523932,0.0889792824348383,0.5945447514902584,0.1156930419822644,0.0,0.0,-0.0855992136905125,0.04368038794644108,0.2281502637551048,0.050964124717075426,0.009143501017471809,0.08383560053265895,-0.060261373040792265,0.12766732167505557,0.0,0.09027654352049301,0.02485862576088311,0.04685798077128441,0.04980458620824901
3.851490748733448,-0.4239723726297405,0.18208187133163536,0.12966440234725127,0.37423726179996036,0.12400851433934587,0.5195685705879737,0.14298281645559566,-0.028387400756543113,-0.018915922984738313,-0.014827354431140355,-0.016720555185297553,0.028682878230085633,-0.05058467286716709,0.47389054292148575,0.031040253626989055,0.019523157211322004,-0.28557854635732516,0.29917543285637194,-0.6987793893835553,0.08378549371916333,0.01899559565131693,-0.1073829309464962
-2.035006337229225,-0.5829344643696166,0.017791224512780944,-0.07704577883620765,0.8404513077938319,0.1620545052897753,-0.2965146466899251,0.08566994378877753,-0.006301590542632757,0.010311128672576325,0.0039395791145000365,0.005895042106503919,0.17369902271525142,0.022123537845172517,0.0,0.41896738275066,-0.0618973719174937,0.057569604740915735,0.2838555809465917,0.008463637782019617,0.06813230618932649,0.015911161223800797,0.04222008322630799
1.3211541920805148,-1.289990678597509,0.7887128942012358,-0.6045271874965483,-1.8210180901286386,-2.1656626671595927,-1.4477029333989055,-1.6308632679581767,-0.025209991140578893,0.04134821796480666,-0.3745985974581889,-0.011446035059436867,-2.3787694289452648,0.2040609647068155,-0.03171893927294949,0.32698095409348293,-0.1738299073650971,-0.3704538631630279,-0.27435431934235704,-0.3267920882701102,0.11073582273542583,-0.08598492165510589,-0.024909770226583916
-4.682032185137844,-0.5058338202986923,0.6300582118024173,-0.6040876628419434,-0.27608926736632844,0.11869038388298528,0.3941475019140117,-0.2217966154317384,-0.12192737063620643,0.03430137257347096,0.20499841304016392,0.043492699253483084,0.4425162456468663,-0.38682461369455723,0.0,-0.28142879680902,-0.25681528005443055,0.022111394346031616,0.1621471979336346,0.2523965037867552,0.06429789197305634,-0.013262797023804703,-0.013854701858388552
-5.7527069353337446,-1.0036671413308693,-0.46002640916781573,0.11824634152260213,0.8274068511219996,0.06629749420440272,0.4489975561167643,0.05459784644626579,0.0,0.0059937304876988414,-0.032084889787834726,0.02347678491615848,0.41385175382030476,0.09493013566302964,0.0,0.08600030744732746,0.0,0.05402497975395873,-0.07449719370148217,0.1493072216780393,0.026436893789367897,0.04153007872312997,0.02234251823511091
1.1448009783089146,0.3520694314424856,0.26471528199005795,0.05832411361383078,1.0695204585968878,0.16346507910618516,0.5997238128631279,0.07208310346317398,0.0,0.0,0.01588564767769426,-0.030500449437064356,-0.31493076683426086,-0.0629920966312171,0.12980220373016574,0.12561183908666881,-0.04160406629131635,-0.8775371166430737,-0.3420026771686894,-0.06077954780115466,0.08608318571350144,0.05405157006114845,-0.035918341065404924
2.524364904644776,0.6104578309531385,0.17563133384310353,0.23366138138628476,1.0901943979784892,0.15646697742535595,0.7372330417247803,0.03945969518875811,-0.024306713615382926,0.014373081313919282,-0.041802956815017514,-0.0389598622146607,0.10264295867212463,-0.033108984515652765,0.2628846749293059,0.27598395143745147,-0.03762059945229224,-0.6069909279626855,0.20614114518329163,0.0,0.05469356695316188,0.01969573866677088,0.0
3.0292039682928236,0.7543298587434708,-0.2721315207969556,0.6856419612884784,-1.0942610715295802,-0.916698730138608,-0.8113630914598651,-0.46943769019162385,0.08353310055761087,0.0,-0.09040669270376975,0.0,-0.8920064672531988,0.06096049245715369,-0.04339261268958036,-0.27355381765030806,-0.1543023873389242,0.08802179573656795,0.3098006731917328,0.025301646234596062,0.08297864878179712,0.1612864690437888,0.0
-2.4364922701750396,-0.47154869920050757,-0.05107600593806386,-0.2578612835173052,-0.5340229877224765,0.09295592040098004,-0.777381351828023,0.0731390992155109,-0.005491083369127769,-0.01076993022639126,-0.15724011565693152,-0.060012808104852336,-0.06787022949078363,0.0,0.09862161094857494,-0.005223023377504835,-0.022536943230438675,-0.9856083622462793,-0.05269141631380105,0.11418837691153051,0.05036331978557621,-0.06522017343911017,0.03374819829313669
-3.6125915408689915,-0.5170561629580906,-0.07089488000647488,-0.010687944806310752,-0.09426426576302734,0.11102622111323392,0.20782226939817774,0.07878733393177466,-0.018532658614340804,0.0,-0.13539252549528288,0.05697009519677726,0.4428275364364293,0.009437492578261484,-0.006746562936817285,0.11488148188187511,-0.18740299856719056,0.010727291228827414,-0.20014355847404974,-0.045597346632250776,0.022529617442621084,0.048032020957015524,-0.0105465118610919
1.1591649792551726,-0.09324263760342369,-0.1782618497392929,0.08692832804361778,-0.6931641645220888,0.12356890155604092,-0.15477878063172057,0.1030858201213122,-0.010228857339233588,0.0,-0.2585491031545714,0.02547892735751749,0.3410412174000235,-0.18681091203346534,0.006097630394445516,-0.40344750318302713,-0.03028158555452263,-0.3151652204942177,0.17902267596688884,0.04089263166326165,0.013917017983268899,0.0261801919299897,-0.02058008432523248
-6.920883857029232,-1.3081722406941272,-0.7207154061298676,-0.04003001273841315,-0.3699779572950742,0.08272131538778064,0.1940189000789002,0.047360519656431246,0.020733819960002772,0.0,-0.1368482624726591,0.0,0.0883482305280093,-0.027963132807594535,0.0,0.1669817231807376,-0.11330981838439029,-0.05550343122058734,-0.07446209836538092,0.04530673177545068,0.014042967325372442,-0.016138224415103153,0.0
2.4531182710001653,-0.7421936053915288,0.14404212365436372,-0.04827544291354275,-1.0904933090665316,0.10520134497632116,0.09598370149937598,0.08528572778861933,-0.01570985870113901,0.0,-0.06553488141324121,-0.04081206637406025,-0.36451875824439056,-0.028563625994023345,0.4095909650755884,-0.3678026650348963,-0.08004168477692701,-1.0005632404764644,0.10763557290930542,-0.055623754845864716,0.06437523848816691,-0.018913706544672823,0.01113666077690073
-2.2665459914895023,0.3305636260978238,-0.0519147696206341,0.4546382812095338,0.8951946253950613,0.13230652574152688,0.6880932784474205,0.037460897431696234,0.0047756621600349505,0.013731605898078796,-0.07713162008046531,0.0053374405714664225,0.41881022678311763,0.0,0.005820925738311436,0.022334205513320576,0.0176712796507854,-0.5854764541405794,0.023662234426775678,0.0424740731951971,-0.10016496229765867,-0.020078119644678726,0.030566592106552236
-9.7961046380375,-2.105681820688512,-0.47388286483778913,-0.09742544132800564,-0.2178470555695128,0.07178098128085135,0.04024360110959672,0.054020619437809496,-0.02313923057932314,0.0,-0.1384145419802929,0.0,-0.22011080521995224,-0.0329478905193884,-0.22070545740356629,-0.06729965287512316,-0.044707517833909256,-0.9636291540096835,-0.21398572248856354,-0.05678695176661938,0.05766889735446424,0.08821139296891845,-0.018414024359554304
2.264550325055996,-0.2402338366758454,0.035823704982755944,0.16342087485363532,0.263314929336586,0.13007614052618144,-0.3992403998696641,0.08389029062555634,-0.016052587251079605,0.008116004996371608,-0.10396875970116538,-0.045292467822976974,-1.1613847052564268,0.0,0.612113486390715,0.38289745362335864,0.0,-0.11279878020419917,0.20224578724590947,-0.65565146734214,-0.18226906829166611,-0.10235390998722159,-0.10606908812782412
-3.3503221367107043,-0.5555002105037455,0.2897840118688937,-0.3703595763387997,0.35858297873731304,0.11133049738895698,0.29908857809877215,0.08772684702568109,0.005401220641949737,-0.009546385970001443,0.0177905745163994,0.07271338572019768,0.2940720518424554,0.09969406498046691,0.017309481249070117,0.012086176074851372,-0.06256951354840083,0.36164469724884857,0.1154495898718279,-0.044789734070064376,0.08019053731815204,-0.0325668793315097,-0.059409153710785034
-3.4293359480992973,-0.38521467168671275,0.5171081345982012,-0.6410478665770943,0.5921864559484421,0.11087424117791976,0.3042171598026515,0.09085204802154485,-0.015900775442190197,0.006478374736847557,0.08316560046557346,0.07358654563563355,0.4012742199200814,0.0727352212911806,0.0076280586441030305,0.009711401170046721,-0.04036928100744066,0.4059803890073108,0.017299636012164755,0.0645414460090636,0.06829602795107276,-0.051198188105826825,-0.03767279418770819
-0.6275733197842526,-0.4318580460279411,0.181184040817216,-0.27827653366897803,-0.3593618453156378,0.0840035797106358,-0.2038358927688232,0.050948778530355676,0.011122956311490184,0.0063623329331020575,0.09753077741277136,-0.03180012164950633,-0.7597317571928507,-0.027441473256720535,0.18800970507193257,-0.6620363244113874,-0.12867001670117306,-1.2879593913196554,-0.2448509264488287,-0.0584723257549232,-0.2506136541076654,0.03552726430694647,-0.04906876025552087
-0.9110184562459679,0.7876901901459756,0.05239261028306006,0.03824565547749887,1.0610802345330679,0.1309327697593679,0.13029230322198174,0.020383183564904588,-0.016723745859802394,-0.004465629544162597,-0.018237669744581693,-0.038471677471658736,0.0420039553105209,-0.036396878129203176,0.24796029291104754,0.04884135059248507,-0.03916913641874348,-0.8823126674537589,0.14391934262676095,0.010476145430128663,-0.12673789173028147,0.005391294680207534,0.009068666109415036
1.1835366801965679,0.119183537118398,0.1740358780770112,0.1864229606102389,0.9114976595374299,0.14931770527058677,0.43009629728025617,0.04452382270222091,-0.01429423634560685,-0.025179881849586628,-0.004200006505329589,0.012434560878740616,0.11986607937163199,-0.024327925956247654,0.18902780215487322,0.3597369565930621,-0.05354872310043396,-0.6038800373100923,0.19260104994993588,-0.06501467730227993,-0.04772172899512873,-0.033043615368626246,-0.023466884807992194
0.04709573945492491,-0.41646610084934893,-0.027373313730596947,-0.13798505849973497,-1.0099556340457272,0.10808599599167067,-0.6449621613106131,0.07267705114449728,-0.017563266577316383,0.0,-0.2090011535309503,-0.03625424510646032,-0.02459912149999015,0.006000502260635986,0.1355334347392179,0.2174137806598496,-0.10408568988798962,-0.3709718109771037,-0.004693660531871374,-0.6881996608011219,0.07487901587393159,0.02752122941337143,-0.07800318958925434
0.17788896299962015,-0.29181666577503357,-0.06931705589254639,0.25380945099936036,0.47725532946239263,0.14297978478078133,0.13069606904989953,0.10023538462573224,-0.010226806535082303,0.0,-0.12288744531455509,0.018012618563793895,0.488371908906118,-0.25737830058362854,-0.010326474089375677,0.0658554901072327,-0.05936187299446106,-0.5182764320227862,-0.0025431562078056425,-0.19350115726319803,-0.10265146300681977,0.00976928486489141,-0.00925601780204896
5.870683809533207,0.5922372318286245,0.715011240577109,0.038021629186373834,-2.228187802437791,-1.7720734143511259,-0.5462176625140375,0.1561679415176804,0.0,0.0,-0.12092155185687008,0.0,0.09649995866773405,0.11056676931650034,-0.08306431058529322,-0.317949484412885,-0.019714817583003173,0.3263594632045418,-0.4184817241873204,-0.6469621533391934,0.29630983206953215,0.0,-0.09567443450935009
2.412924420080195,0.9094501125342223,0.21093838739277584,0.22748443894581072,1.5435408656103173,0.13235083331955516,1.0175298839193052,0.09957681015377405,0.0,0.0,-0.04061631652724355,0.0,0.16531900445042852,0.06359555771528878,0.0,0.098311275721399,0.0,-0.49325200568972527,0.0,0.0,0.052675668641016346,-0.05969667236827192,0.0
1.0749945808520236,-0.17733461204341772,0.041637782160560854,-0.12518670390258163,-0.5586177631365726,0.09312995773417233,0.017592531479806113,0.1289807401940023,-0.02029163030308183,0.014998664892119195,-0.17868907474274562,-0.023629916800425817,0.1023936112548111,0.06493133591586135,-0.04448242612789007,0.22753925732868033,-0.016074759007584247,-0.5540070689360167,-0.017525544855518483,0.12186835793936358,-0.12653367799643725,-0.03617240063477952,0.06585768095969421
0.9480092250415068,0.3725773776881689,0.6072418039812706,-0.864166872053811,0.08917456532851939,0.10553791685042935,-1.095623744982447,0.0801807564757746,0.006084300081169217,-0.027833849714934446,-0.12995323769651007,-0.02865990661091069,-1.8122057405914034,-0.070328079500677,0.3089453273594047,-0.4690984079035996,-0.17820124067254312,-0.8383539926957733,0.04274026386156046,-0.06343993294568046,-0.005096993030626493,0.4442469904161334,0.06499937382466792
-6.151759688917449,-1.3057806346464849,-0.09771445709421467,-0.4630523512106298,0.4110490832159398,0.07646041343536195,0.16846830516495023,0.05294445658277625,-0.011663224098467904,0.012741599750448097,-0.00795966244944669,0.011056470300272729,0.32374681597783644,0.10556917515948862,0.021080586352877496,-0.23959860596150148,-0.05777724738720997,0.17310911937637027,-0.07000679277639361,-0.04132632238414493,-0.0775272320045178,-0.09787646750532364,0.0
-6.044449540528911,-1.3837503492923378,-0.5088800967245055,0.0,0.7955681830861683,0.0768258494978999,0.38619985524332495,0.06828090688062848,-0.005530384057645597,0.018280847345373396,-0.21058384696782048,-0.00846760709557783,0.29512255499706613,0.01975058049285081,0.00783264024069569,0.08029734115575439,-0.010813860264451339,0.08298306838742812,0.028628015650059326,0.08410023538276343,-0.01531458818254212,-0.021513007690871513,0.04008046573314861
8.272550362171195,1.7829372201931997,0.15667129188450926,0.7028404452675757,1.146506770539072,0.10682928904368909,-0.7836542416931176,-0.3383580421461766,0.22974248654325233,0.0,-0.22241707122168172,0.0,-0.5498192040553302,0.0714160736125914,-0.07124930191290102,-0.0996075222208233,0.22170203122897572,-0.08021384013837458,0.2911034267298614,-0.15192901172553339,0.22308479448581947,0.14472862237652429,0.0
-0.4617041677129947,0.02040095564083275,0.015900379079062627,-0.1025592921889172,0.8344598937379037,0.1627610955769142,-0.4448945349738196,0.033482634262779414,-0.010137847508224978,0.0179763240456207,-0.026116140428244013,0.004386348658898297,0.2922938051658201,0.05263852776189753,0.0,-0.16943378179665652,0.013301153867748548,0.27592737133696654,0.08788893435628231,0.10415316533862679,-0.1095054958636754,0.08013982342259875,0.006575045408002689
-1.4610860133157857,-0.45899993472527184,0.062426627698818925,-0.03928918374828418,0.6158040802684289,0.1550160570482135,0.46055211987374917,0.05752332980077209,-0.01110693110047475,0.004023736647412688,-0.11600162340063909,0.023425630388993136,0.43554619410816314,-0.01707612827979878,0.1259665556448656,0.0725257984485808,-0.06485314786995393,-0.9454440367983801,0.14376043980283315,-0.021776032637148175,-0.1370674040661541,0.0,0.01707889494145043
-3.014636024524145,-0.5493855928791558,-0.15009131151548338,-0.5766152898603167,-0.8781517492558778,0.05539143819898066,-0.6915430245524938,0.0921736957122853,-0.0036049242614403657,0.015891475575284288,0.0972585979484964,-0.03782342219453893,-1.7077045263351789,0.03290238050056507,0.1947936139047586,-0.08376415734349957,-0.003517618667861891,-1.0894294928411832,-0.25649622761431984,0.023439400775907435,-0.3645515061478155,-0.06536601043870267,-0.01461496730445866
1.085487324357457,0.24520845636219327,0.055975568884110406,0.5193689069730211,1.3393467614544579,0.16136602511196294,0.8119440204309463,0.0720252830787841,0.0,0.0,-0.027813781847645266,0.006731504827255949,0.3903626545569395,0.039441676146818594,0.0,0.1343104082356723,0.005592100241203765,-0.3815013514362793,0.0,0.006366347749141502,0.06778444291946933,-0.0418306404556825,0.011192828892028217
-4.9561101129710226,-0.8082978756067476,-0.07936627799505169,-0.5000936058720071,-1.5339125747550886,-1.6415772162333866,-0.4626002515623735,-0.09870501815230712,-0.13467349104747603,0.0,-0.013955622367981702,0.0,0.224286846878856,0.0,-0.011726176973774078,-0.016942013486403645,-0.12258248229050045,0.0,-0.2159893283439198,-0.4177276286750395,-0.09790706846320012,0.07498420632315646,-0.053604658642626646
-3.400005411091228,-0.8359438782889698,0.18485574616246914,-0.21113837248075618,0.4507734299576639,0.1324488908132357,0.4626242173336477,0.08446666892314429,0.0,0.010840998393099962,0.12591783689015498,0.05642870427013828,0.5494041042851422,0.030741909321652234,0.024269882105539077,-0.5399726014937727,0.020091600111188736,0.10666779704059243,0.08396744668094103,0.08888229885135902,-0.15529741758268312,0.0,0.0
-3.297439302810751,-0.5696896815013984,-0.5609584420006124,0.087209759420353,1.2477104709157705,0.1373735094131898,0.640210157143008,0.05802245316986766,-0.01604157174109442,0.033985560707159745,-0.16533550305877942,0.0805867845822392,0.5845677815941449,0.047540862299159804,0.016817511330795735,-0.08796742780923218,-0.07313156166260958,0.25312095783370175,0.040912702182522506,-0.0940663497712339,0.047709605775856305,0.08253746017683006,0.0
-10.984970848129004,-2.6162125737089528,-0.46703077522884384,-0.0284511700467664,0.49366190134109206,0.08034422839557658,0.26421651193555284,0.03852272733517552,-0.024074458283808445,0.0,-0.052846849361279535,0.0,-0.16528304206235822,0.05510307774120785,0.0,0.033002674929746435,-0.035799340697113394,0.03144042487418545,0.0,-0.10110738866126281,-0.08566981592453213,0.05307013965988894,0.0
2.4637910034726413,1.111031499348923,0.16827487585846107,0.22176855323088152,1.2580332166146238,0.13135301321466877,1.075888968478034,0.0683561735439827,0.0,0.0,-0.07397017123454278,0.0,0.17080723103764497,0.05053085466454236,0.0,0.14768347332222212,-0.030391027670415766,-0.5005300487069575,0.036710547931478515,0.008768955333641974,0.03488272479935808,-0.03319014464795522,0.0
1.1917227966060884,0.050050073706116985,-0.041215802962814525,0.35680428723668217,1.4696347254923332,0.13066337750572335,0.580811525892085,0.044892203370965174,0.0,0.0,-0.10262760618789585,0.02364370342040129,0.3345710423523663,0.01940743160145238,0.0,0.22939811065461863,0.0,-0.3707983774984859,0.15402747913269482,0.2109353448222867,-0.10075797880651872,0.02067840216630722,0.02322499707412895
-2.5443616427589095,-0.532055769861397,-0.15429345411537704,-0.1315749843919416,0.036081817783959365,0.12217930557553165,0.4622358935753876,0.09458119337643633,-0.00411763431474656,-0.00913956323831742,-0.04144386852059144,0.05334604995623687,0.39267511770169605,0.00939068591296162,0.0,-0.04505589259656878,-0.06534659656172294,0.02975363364530757,-0.12760673824054358,-0.036124158173646,0.029762302117077935,0.030546112316100604,0.0
-0.11192460131210437,0.12365515542550648,-0.4951014241307132,0.47373945627001146,0.7779760174021303,0.16284768363317165,-0.3876217967879135,-0.5552343945749539,0.43003633702798655,0.0,-0.2317690701533205,0.008310435522010601,0.17317619964835335,0.06957298945585401,0.01687814067326822,-0.15477932919650353,-0.06264971013916466,0.10248832153031512,0.08799437197005906,0.025989618213356616,-0.04385165280445027,0.03683812896812897,-0.015766119761223274
4.478548889916226,1.1328343815872721,0.19379650737693832,0.08576866176838145,0.7374957700199366,0.13963844272042922,0.4575411426590574,0.07217770445799329,-0.02485476279649047,0.020619145272255533,-0.07171975670104362,-0.026859336641217705,-0.17616253264408321,-0.43944481508662686,-0.007525702973353944,-0.15506999913490838,-0.3933725282507198,-0.46254498620402923,0.0141846483873654,-0.052649961839714675,-0.13999979684976196,-0.03579830252504944,-0.015103208532117662
2.3224336797071996,0.9401054672831555,0.043438197033392495,0.29246938742762335,1.4918693591686985,0.1399826382098939,1.079110210570791,0.05887583400259933,-0.024366587710821244,0.0,-0.10480067071542742,0.01757268490382442,0.24768171886874335,-0.17549315931841183,0.0,0.1385518592327882,-0.03971248212352202,-0.18866741634000148,-0.05885109246521215,-0.014610233392993926,0.21102451895469335,0.0,0.03391095924441334
-8.550835813152789,-2.01288709675455,-0.4661909868768517,-0.03676990967618592,0.6270150785302177,0.09856965175368715,0.3577906603908259,0.016299901616611524,0.0,0.0,-0.028556039823595315,-0.015467314662738424,0.07857898997057819,0.058973176099320464,0.016307151327431876,-0.052858795899156256,-0.02871547371639484,0.1326198685759221,-0.032859269976235735,0.07310899630462442,0.05549260297799452,0.060732980351560675,0.029276990492428823
3.072564637894707,0.23242515287076376,0.11135011907142148,0.40935719223043976,0.5083611294183864,0.13311558041815813,0.8802123530259202,0.08610211435441083,-0.028076885063808177,0.0,-0.08527202632584653,0.0,0.10383873787244137,0.005588434938414528,0.4582690696408141,0.07434531934298677,0.04464948031148087,-0.3685401587633675,0.13391997648280693,-0.5021523415991135,0.08217254520919375,0.0,-0.06912026215792544
1.0586062355354255,0.48456572711662604,-0.035729566664411516,0.38675335381093545,1.1084346852915845,0.16699772511615463,0.8926108887781776,0.07731392663840762,-0.01666628552038808,0.0,-0.13546927554519964,0.008425574605198683,0.3257432968221845,-0.04933036693867896,0.05752012524204586,0.1532608663392709,-0.11677019530372934,-0.13595494020275492,-0.014518121077878627,-0.2588223431142851,0.08972630502924414,0.03336960788825036,-0.014188805162177687
-0.2591793052639158,1.0571120409355612,0.591422103127155,-0.6152021209181853,1.056648709570502,0.1162377406414298,0.430920899468889,0.050497087195549184,0.009930014614801598,-0.013430877414240146,0.11659897106437273,-0.013372200002618557,-1.4424393914235456,-0.04189599389827013,0.11359474338921888,0.3047763138245003,-0.12592052526820566,-0.7432665259169943,0.47690533004152796,0.02807013111455395,-0.11595735437763093,-0.03958673075939433,0.014337905325661926
0.7860135070745453,0.046632704880120585,0.38973127253873774,-1.120166902374406,-1.4385816118563783,-1.6819442345056332,-1.0346546426822179,-0.7643560960915038,0.0,0.016212000250080797,-0.04696629164651727,-0.020976808929748233,-1.242472536529059,-0.12740806176311703,1.0952460211071748,0.21416088524478039,-0.1208276845076799,0.13399764081542595,0.3478375635213962,-0.4889924465952758,0.03679962074411428,-0.0667166243233693,-0.09852467874654725
2.3392168353216247,0.5696908192450469,0.7194951536655303,-0.19417049739486855,1.115129444224032,0.08883930266647694,-0.02736351718259871,0.06898732807302099,0.0,0.0,0.07145274472526228,0.0,-0.6896672870254846,-0.042614819212453484,0.4329372134968054,0.29913580821940794,-0.07797879694020607,-0.7225812818632583,0.1562396614000941,0.0,0.15833812976501235,0.06338394130230846,0.019827440910165528
-1.3432946992131538,0.24002530901999036,-0.2748249810116874,0.4547811814296076,1.4971916059899593,0.13368113726588535,0.854802746801519,0.0693505897576139,-0.023994874120086915,0.014344013159781956,-0.08015216313074483,0.02305491630444047,0.4439882313836451,-0.2041736312003668,0.011844864422745382,0.04740473854861124,-0.09101264379895369,-0.468545606290323,-0.11966523897769141,-0.13117809367282093,-0.10422165581144144,-0.08450524466156721,0.010120982895292063
-0.26714495319813253,-0.23106287173895,-0.07363317127675315,0.13363735953594624,0.9975543093402379,0.17966510139612818,-0.755188733903801,0.14796466672240605,-0.027759056895812467,-0.016003135283416542,-0.13250681631199124,0.0,0.0844558555244817,0.022443091212857976,-0.01617159219003505,0.3018054259888434,-0.04709223041262728,0.1385897186428979,0.0,0.10354593118103539,0.007236528519805592,0.0053441558288538716,0.04571080652204906
7.84340455031754,1.414924041380961,0.7597112090388614,0.15968069736892215,1.2022510071693377,0.15409580522707744,0.05171718567737731,0.0,0.0,0.03219416888277864,-0.08804443287511195,-0.015122659665272997,-0.06115593769448353,0.12542002258918605,-0.03378913940697434,0.0322171436125591,0.18879777191013855,0.3173254086965345,-0.2722820658471157,0.0596236820800803,0.27958873759526437,0.0430834433343564,0.08071861425292326
2.3584696707774486,0.8107021959854619,0.0,0.46253503059870593,1.2711780329128146,0.1324558051921882,1.2090283827671156,0.0909402259274901,-0.019791019583956442,-0.020706106621550358,-0.06743302029855688,0.0,0.11700902226651398,0.0,0.22579634990760175,0.20234929298392748,0.0,-0.3144678841364811,-0.03779758312174867,-0.426261233922793,0.05179426584643567,-0.019654782162006206,-0.056886878978356314
-4.400365177990896,-0.7333311110475478,0.2691453193917684,-0.543634456375836,0.711151805468094,0.12204310064426997,0.43329154152064153,0.09819672307342994,0.0,-0.03341851331260246,0.04783295573755271,0.07740478614162953,0.5842924320255274,0.07728133012237418,0.014929224711577075,-0.26463090198436645,-0.05828374631748941,0.27254555451185425,-0.032069220355664764,-0.0438597667865052,0.035785404751977994,0.12931550426105076,0.0
-6.509783246575199,-1.6325768206483464,-0.07994358841115275,-0.44856026359861834,-1.3489988694373707,-1.6179802478243022,-0.958633558874459,-0.6814932528982914,0.0712518175987075,0.0,0.03305376109661968,-0.0179501272619158,0.08608729991334751,-0.16121618474758267,0.0,-0.14527242303079133,-0.3012065494094696,-0.06990802597003966,0.0,-0.2871918321340032,-0.017195680286935563,-0.049419806620046615,-0.08341061240702174
-2.1214967896624217,-0.5564986589006365,-0.0422454020651406,-0.028442983595307624,0.6278260062909244,0.14470555998219112,0.4761121583979952,0.05225420918456305,-0.0053985316112191584,0.0,-0.0928264085205658,0.01076356667981397,0.496245898243061,-0.010385635563933827,0.05995948987342117,0.15162922034799778,-0.036871463310552466,-0.9645311109140795,0.10791852867470304,-0.03792377125463569,-0.20868171506726776,0.01686719069591659,-0.0054400352901584625
2.7250073041967355,0.3433274822017503,-0.05731733296312067,0.32027196650457657,0.8990483499991293,0.11334540885991977,0.48072819762737,0.06772428081859229,-0.018803414974109083,0.0,-0.1826354379706955,-0.029438043515937838,0.15351656646182,-0.06505792246704514,0.4402057766542886,0.09468995401762341,-0.07495767194126092,-0.22344641338359023,-0.11122358143242149,-0.549475375532498,-0.1069818125971282,0.0,-0.07468126446788492
-4.128241293035628,-0.6143085344144004,-0.5624568681103161,0.0992707495150217,0.5598849195462119,0.11260805463289382,0.3338700633399789,0.037543868261477216,0.0,-0.012074579418710206,-0.050935678491384265,0.053569748579244965,0.6196201998099153,0.1339350280148176,0.0,0.06602292297669494,-0.07255016309170903,0.1358511710781694,0.0,0.13357305183731075,0.0,0.015622278920485354,0.015158775364789712
-0.7824859312007172,0.20283545441763906,0.09591278064197876,0.20818834384511362,0.9242938279940724,0.15087785183171484,0.6499337605591731,0.046928405294059304,-0.008718797711978605,0.0,-0.04980345245168365,0.013528886775852293,0.3482932081236893,-0.036279371152411775,0.2075483330369097,0.22385163871136596,-0.08424347006198282,-0.8737975698066698,0.13601666489717093,-0.015428279910310932,0.06616424604260446,0.0,0.008091356581853448
